Top pages,Clicks,Impressions,CTR,Position
https://howtoworkleads.com/buying-leads/buy-iul-leads,67,2313,2.9%,16.24
https://howtoworkleads.com/buying-leads/buy-life-insurance-leads,51,20642,0.25%,33.54
https://howtoworkleads.com/buying-leads/buy-aged-leads,14,575,2.43%,18.61
https://howtoworkleads.com/blog/aged-lead-pricing-guide,11,2850,0.39%,6.67
https://howtoworkleads.com/blog/sms-templates-insurance-leads,10,647,1.55%,18.1
https://howtoworkleads.com/blog/voicemail-scripts-insurance-leads,9,769,1.17%,7.26
https://howtoworkleads.com/buying-leads/buy-home-improvement-leads,8,939,0.85%,20.31
https://www.howtoworkleads.com/blog/voicemail-scripts-mortgage-leads,6,339,1.77%,7.62
https://www.howtoworkleads.com/blog/sms-templates-insurance-leads,5,1120,0.45%,14.42
https://howtoworkleads.com/blog/state-by-state-lead-compliance-guide,5,876,0.57%,8.79
https://howtoworkleads.com/blog/voicemail-scripts-mortgage-leads,5,643,0.78%,13.94
https://howtoworkleads.com/sales-process/the-modern-b2c-sales-funnel,4,671,0.6%,17.42
https://howtoworkleads.com/blog/dnc-scrubbing-on-a-budget,4,122,3.28%,12.08
https://howtoworkleads.com/lead-management/lead-status-vs-lifecycle-stage,3,2528,0.12%,30.64
https://howtoworkleads.com/blog/how-to-work-mva-leads,3,594,0.51%,12.53
https://howtoworkleads.com/buying-leads/buy-refinance-mortgage-leads,3,166,1.81%,30.41
https://howtoworkleads.com/buying-leads/buy-annuity-leads,3,111,2.7%,19.19
https://howtoworkleads.com/sales-process/b2c-vs-b2b-sales-process,2,643,0.31%,28.39
https://howtoworkleads.com/buying-leads/health-insurance-leads,2,575,0.35%,43.81
https://howtoworkleads.com/blog/how-to-work-iul-leads,2,358,0.56%,9.49
https://howtoworkleads.com/buying-leads/aged-final-expense-leads,2,323,0.62%,15.37
https://howtoworkleads.com/blog/aged-lead-conversion-rates,2,257,0.78%,5.1
https://howtoworkleads.com/blog/how-to-work-heloc-leads,2,233,0.86%,11.97
https://howtoworkleads.com/buying-leads/buy-solar-leads,2,216,0.93%,20.06
https://howtoworkleads.com/blog/how-to-work-pc-insurance-leads,2,185,1.08%,9.14
https://howtoworkleads.com/buying-leads/buy-non-qm-mortgage-leads,2,163,1.23%,12.12
https://www.howtoworkleads.com/blog/voicemail-scripts-insurance-leads,2,144,1.39%,6.08
https://www.howtoworkleads.com/blog/state-by-state-lead-compliance-guide,2,125,1.6%,7.34
https://www.howtoworkleads.com/blog/how-to-work-iul-leads,2,93,2.15%,8.2
https://www.howtoworkleads.com/buying-leads/buy-home-improvement-leads,1,1606,0.06%,11.86
https://howtoworkleads.com/lead-management,1,1328,0.08%,72.84
https://howtoworkleads.com/lead-management/lead-management-vs-crm,1,1032,0.1%,55.32
https://howtoworkleads.com/crm-systems/the-evolution-of-crm,1,516,0.19%,18.07
https://howtoworkleads.com/buying-leads/aged-life-insurance-leads,1,418,0.24%,32.61
https://www.howtoworkleads.com/blog/sms-templates-mortgage-leads,1,196,0.51%,11.53
https://howtoworkleads.com/blog/how-to-work-bankruptcy-leads,1,168,0.6%,18.65
https://howtoworkleads.com/blog/aged-leads-vs-fresh-leads,1,166,0.6%,7.14
https://howtoworkleads.com/blog/sms-templates-mortgage-leads,1,156,0.64%,25.26
https://howtoworkleads.com/blog/how-to-work-home-improvement-leads,1,123,0.81%,23.46
https://howtoworkleads.com/buying-leads/buy-mortgage-protection-leads,1,117,0.85%,12.72
https://www.howtoworkleads.com/blog/how-to-work-debt-leads,1,110,0.91%,26.47
https://howtoworkleads.com/blog/how-to-work-life-insurance-leads,1,106,0.94%,13.63
https://howtoworkleads.com/blog/how-to-work-mass-tort-leads,1,102,0.98%,26.79
https://howtoworkleads.com/blog/how-to-work-dscr-loan-leads,1,94,1.06%,10.24
https://www.howtoworkleads.com/blog/aged-leads,1,90,1.11%,16.48
https://www.howtoworkleads.com/blog/insurance-agent-lead-budget,1,88,1.14%,7.65
https://howtoworkleads.com/blog/how-to-work-landscaping-leads,1,80,1.25%,10.9
https://www.howtoworkleads.com/buying-leads/buy-aged-leads,1,78,1.28%,14.67
https://howtoworkleads.com/blog/how-to-work-health-insurance-leads,1,62,1.61%,15.24
https://howtoworkleads.com/blog/how-to-work-leads-the-simple-4-step-system-for-sales-professionals,1,58,1.72%,7.5
https://howtoworkleads.com/blog/remove-landlines-disconnected-numbers,1,51,1.96%,10.43
https://howtoworkleads.com/blog/mortgage-lead-conversion-playbook,1,49,2.04%,9.69
https://howtoworkleads.com/blog/is-it-legal-to-call-purchased-leads,1,40,2.5%,6.17
https://howtoworkleads.com/,1,39,2.56%,5.13
https://www.howtoworkleads.com/blog/aged-leads-vs-fresh-leads,1,32,3.12%,4.09
https://howtoworkleads.com/blog/voicemail-scripts-home-services-leads,1,25,4%,7.04
https://www.howtoworkleads.com/blog/how-to-work-home-improvement-leads,1,19,5.26%,10.11
https://www.howtoworkleads.com/buying-leads/buy-mortgage-leads,1,16,6.25%,21.44
https://www.howtoworkleads.com/buying-leads/buy-non-qm-mortgage-leads,1,6,16.67%,26.83
https://www.howtoworkleads.com/blog/hubspot-crm-leads-review,0,1839,0%,11.33
https://howtoworkleads.com/lead-management/what-is-lead-management,0,1008,0%,83.02
https://howtoworkleads.com/lead-management/the-lead-lifecycle,0,748,0%,30.43
https://www.howtoworkleads.com/buying-leads/health-insurance-leads,0,668,0%,37.71
https://www.howtoworkleads.com/blog/close-crm-aged-leads-review,0,614,0%,7.98
https://howtoworkleads.com/legal-leads,0,441,0%,41.83
https://www.howtoworkleads.com/crm-systems/b2c-vs-b2b-crm,0,339,0%,46.92
https://howtoworkleads.com/sales-process/sales-process-vs-sales-methodology,0,321,0%,51.47
https://howtoworkleads.com/lead-management/b2b-vs-b2c-lead-management,0,276,0%,26.55
https://www.howtoworkleads.com/crm-systems/crm-vs-lead-management,0,263,0%,59.13
https://howtoworkleads.com/buying-leads/buy-iul-leads#how-to-turn-iul-leads-into-closed-policies,0,259,0%,6.78
https://howtoworkleads.com/blog,0,255,0%,14.9
https://howtoworkleads.com/blog/close-crm-aged-leads-review,0,248,0%,11.04
https://howtoworkleads.com/blog/how-to-work-ssdi-leads,0,241,0%,15.61
https://howtoworkleads.com/buying-leads/buy-iul-leads#start-building-your-iul-pipeline-today,0,219,0%,6.63
https://howtoworkleads.com/buying-leads/buy-iul-leads#why-aged-iul-leads-outperform-expensive-real-time-leads,0,219,0%,6.63
https://www.howtoworkleads.com/blog/how-to-work-workers-comp-leads,0,210,0%,15.88
https://howtoworkleads.com/blog/lead-fraud-detection-fake-leads,0,191,0%,15.41
https://howtoworkleads.com/buying-leads/buy-iul-leads#what-to-look-for-when-you-buy-iul-leads,0,187,0%,6.82
https://howtoworkleads.com/blog/tcpa-compliance-lead-buyers,0,163,0%,17.93
https://www.howtoworkleads.com/crm-systems/operational-analytical-and-collaborative-crm,0,159,0%,45.76
https://howtoworkleads.com/buying-leads/buy-iul-leads#why-smart-agents-buy-iul-insurance-leads,0,149,0%,6.7
https://howtoworkleads.com/tools/aged-lead-roi-calculator,0,144,0%,7.08
https://howtoworkleads.com/blog/best-crm-aged-leads,0,144,0%,18.25
https://howtoworkleads.com/blog/how-to-work-debt-leads,0,119,0%,20.04
https://www.howtoworkleads.com/sales-process/b2c-vs-b2b-sales-process,0,118,0%,9.75
https://howtoworkleads.com/blog/how-to-work-refinance-mortgage-leads,0,109,0%,18.11
https://howtoworkleads.com/home-services-leads,0,101,0%,50.13
https://www.howtoworkleads.com/blog/aged-lead-pricing-guide,0,98,0%,4.38
https://howtoworkleads.com/blog/insurance-agent-lead-budget,0,97,0%,8.27
https://howtoworkleads.com/blog/how-to-evaluate-lead-vendor,0,94,0%,6.19
https://howtoworkleads.com/crm-systems,0,94,0%,37.4
https://www.howtoworkleads.com/blog/how-to-work-mva-leads,0,90,0%,9.9
https://www.howtoworkleads.com/blog/how-to-work-mass-tort-leads,0,89,0%,8.62
https://howtoworkleads.com/resources/about,0,83,0%,12.93
https://howtoworkleads.com/blog/lead-buyer-regulatory-cheat-sheet,0,82,0%,8.76
https://howtoworkleads.com/blog/how-to-work-hvac-leads,0,80,0%,12.06
https://www.howtoworkleads.com/buying-leads/buy-life-insurance-leads,0,72,0%,50.19
https://howtoworkleads.com/blog/appointment-setting-scripts-internet-lead-booked-meeting-one-call,0,71,0%,12.62
https://howtoworkleads.com/buying-leads/buy-pc-insurance-leads,0,67,0%,43.49
https://howtoworkleads.com/blog/aged-leads,0,66,0%,20.09
https://howtoworkleads.com/blog/how-to-work-bank-statement-loan-leads,0,64,0%,29.52
https://howtoworkleads.com/blog/how-to-work-medicare-leads,0,61,0%,14.2
https://www.howtoworkleads.com/blog/cost-per-lead-analysis,0,60,0%,18.7
https://howtoworkleads.com/blog/tcpa-litigator-scrub,0,59,0%,13.1
https://www.howtoworkleads.com/sales-process/what-is-a-sales-process,0,58,0%,47.79
https://www.howtoworkleads.com/buying-leads,0,57,0%,8.81
https://www.howtoworkleads.com/blog/sms-templates-home-services-leads,0,57,0%,9.33
https://howtoworkleads.com/blog/how-to-work-family-law-leads,0,57,0%,20.82
https://howtoworkleads.com/blog/how-to-work-plumbing-leads,0,57,0%,21.16
https://howtoworkleads.com/resources,0,57,0%,31.79
https://www.howtoworkleads.com/blog/tcpa-compliance-lead-buyers,0,54,0%,14.24
https://howtoworkleads.com/blog/lead-vendor-negotiation-guide,0,53,0%,6.79
https://howtoworkleads.com/blog/how-to-work-window-replacement-leads,0,53,0%,7.13
https://howtoworkleads.com/sales-process,0,53,0%,13.74
https://howtoworkleads.com/blog/cost-per-lead-analysis,0,51,0%,13.98
https://howtoworkleads.com/blog/closing-techniques-internet-leads,0,49,0%,9.69
https://www.howtoworkleads.com/blog/how-to-work-ssdi-leads,0,49,0%,13.04
https://www.howtoworkleads.com/blog/how-to-work-hvac-leads,0,48,0%,15.52
https://howtoworkleads.com/blog/how-to-work-annuity-leads,0,45,0%,8.93
https://www.howtoworkleads.com/lead-management/the-lead-lifecycle,0,45,0%,26.58
https://howtoworkleads.com/blog/how-to-work-painting-leads,0,44,0%,19.16
https://howtoworkleads.com/blog/how-to-work-non-qm-mortgage-leads,0,41,0%,8.88
https://howtoworkleads.com/blog/building-lead-based-sales-team,0,41,0%,9.39
https://howtoworkleads.com/blog/how-to-work-real-estate-leads,0,38,0%,11.68
https://www.howtoworkleads.com/blog/objection-handling-scripts,0,38,0%,18.53
https://www.howtoworkleads.com/lead-management/lead-status-vs-lifecycle-stage,0,38,0%,18.87
https://www.howtoworkleads.com/blog/how-to-work-bankruptcy-leads,0,35,0%,14.74
https://howtoworkleads.com/tools/compliance-checklist,0,35,0%,54
https://www.howtoworkleads.com/blog/aged-lead-conversion-rates,0,33,0%,3.55
https://www.howtoworkleads.com/downloads/mortgage-lead-scripts-bundle,0,33,0%,30.76
https://www.howtoworkleads.com/blog/how-to-work-heloc-leads,0,32,0%,7.56
https://www.howtoworkleads.com/blog/multi-channel-outreach-strategy,0,32,0%,11.34
https://howtoworkleads.com/buying-leads/buy-non-qm-mortgage-leads#agedleadstore-recommended-for-aged-non-qm-leads,0,31,0%,7.9
https://howtoworkleads.com/buying-leads/buy-non-qm-mortgage-leads#why-non-qm-leads-convert-differently,0,31,0%,7.9
https://howtoworkleads.com/buying-leads/buy-purchase-mortgage-leads,0,29,0%,33.62
https://howtoworkleads.com/blog/objection-handling-scripts,0,27,0%,6.78
https://www.howtoworkleads.com/blog,0,26,0%,9.62
https://www.howtoworkleads.com/blog/how-to-work-landscaping-leads,0,25,0%,7.36
https://www.howtoworkleads.com/blog/mortgage-lead-conversion-playbook,0,25,0%,9.76
https://www.howtoworkleads.com/lead-order,0,25,0%,24.04
https://howtoworkleads.com/buying-leads/buy-non-qm-mortgage-leads#what-are-non-qm-mortgage-leads,0,24,0%,7.92
https://www.howtoworkleads.com/buying-leads/buy-mortgage-refinance-leads,0,24,0%,33.42
https://www.howtoworkleads.com/lead-management/b2b-vs-b2c-lead-management,0,23,0%,15.52
https://www.howtoworkleads.com/buying-leads/buy-mortgage-protection-leads,0,21,0%,10.48
https://howtoworkleads.com/blog/how-to-work-garage-door-leads,0,20,0%,9.75
https://www.howtoworkleads.com/blog/how-to-work-family-law-leads,0,20,0%,23.6
https://www.howtoworkleads.com/blog/how-to-evaluate-lead-vendor,0,19,0%,10.47
https://howtoworkleads.com/blog/multi-channel-outreach-strategy,0,18,0%,26.17
https://www.howtoworkleads.com/sales-process/the-customer-journey,0,16,0%,3.88
https://www.howtoworkleads.com/blog/how-to-work-medicare-leads,0,16,0%,7.06
https://howtoworkleads.com/blog/sms-templates-home-services-leads,0,16,0%,11.94
https://www.howtoworkleads.com/blog/how-to-work-garage-door-leads,0,16,0%,15.88
https://howtoworkleads.com/blog/how-to-work-home-services-leads,0,15,0%,14.33
https://www.howtoworkleads.com/blog/how-to-work-electrical-leads,0,15,0%,28.4
https://howtoworkleads.com/buying-leads/buy-refinance-mortgage-leads#agedleadstore-recommended-for-aged-leads,0,14,0%,8.21
https://howtoworkleads.com/buying-leads/buy-refinance-mortgage-leads#cash-out-refinance-leads,0,14,0%,8.21
https://howtoworkleads.com/buying-leads/buy-refinance-mortgage-leads#how-to-work-refinance-leads-quick-overview,0,14,0%,8.21
https://howtoworkleads.com/tools,0,13,0%,4.38
https://www.howtoworkleads.com/blog/how-to-work-painting-leads,0,13,0%,17.31
https://howtoworkleads.com/blog/lead-data-hygiene-checklist,0,11,0%,6.27
https://howtoworkleads.com/blog/aged-leads-buying-guide-profit-leads-other-reps-gave-up,0,11,0%,6.45
https://www.howtoworkleads.com/blog/lead-buyer-regulatory-cheat-sheet,0,10,0%,6
https://www.howtoworkleads.com/blog/how-to-work-real-estate-leads,0,10,0%,7.9
https://howtoworkleads.com/sales-process/how-to-build-a-real-time-internet-lead-team,0,10,0%,10.1
https://www.howtoworkleads.com/blog/aged-leads-buying-guide-profit-leads-other-reps-gave-up,0,10,0%,14.4
https://howtoworkleads.com/buying-leads/aged-iul-leads,0,9,0%,6.11
https://howtoworkleads.com/blog/lead-scoring-models-prioritize-internet-leads-maximum-roi,0,9,0%,10.22
https://howtoworkleads.com/blog/trigger-lead-ban-mortgage-buyers,0,9,0%,11
https://howtoworkleads.com/sales-process/the-customer-journey,0,8,0%,7.75
https://www.howtoworkleads.com/blog/how-to-work-non-qm-mortgage-leads,0,8,0%,10.88
https://howtoworkleads.com/blog/ai-lead-scoring-prioritization,0,8,0%,17
https://www.howtoworkleads.com/buying-leads/buy-pc-insurance-leads,0,7,0%,7.29
https://www.howtoworkleads.com/blog/how-to-work-bank-statement-loan-leads,0,7,0%,8.71
https://howtoworkleads.com/buying-leads/buy-non-qm-mortgage-leads#types-of-non-qm-leads,0,6,0%,5.83
https://howtoworkleads.com/buying-leads/buy-non-qm-mortgage-leads#who-are-non-qm-borrowers,0,6,0%,9.33
https://www.howtoworkleads.com/resources,0,6,0%,14.33
https://howtoworkleads.com/downloads/mortgage-lead-scripts-bundle,0,6,0%,32
https://howtoworkleads.com/blog/iul-appointment-setting,0,5,0%,5.6
https://www.howtoworkleads.com/blog/voicemail-scripts-home-services-leads,0,5,0%,8
https://www.howtoworkleads.com/buying-leads/buy-purchase-mortgage-leads,0,5,0%,11.6
https://howtoworkleads.com/blog/cross-channel-lead-attribution-tracking,0,5,0%,21.6
https://www.howtoworkleads.com/blog/lead-scoring-models-prioritize-internet-leads-maximum-roi,0,5,0%,28.2
https://www.howtoworkleads.com/downloads/lead-vendor-comparison-scorecard,0,4,0%,3.25
https://howtoworkleads.com/buying-leads/buy-non-qm-mortgage-leads#non-qm-lead-pricing,0,4,0%,7.25
https://www.howtoworkleads.com/blog/appointment-setting-scripts-internet-lead-booked-meeting-one-call,0,4,0%,10.75
https://www.howtoworkleads.com/tools/aged-lead-roi-calculator,0,3,0%,1
https://howtoworkleads.com/blog/iul-lead-objection-scripts,0,3,0%,5
https://www.howtoworkleads.com/blog/how-to-work-dscr-loan-leads,0,3,0%,5
https://howtoworkleads.com/buying-leads/buy-non-qm-mortgage-leads#filters-and-targeting-for-non-qm-leads,0,3,0%,7.33
https://howtoworkleads.com/buying-leads/buy-non-qm-mortgage-leads#how-to-work-non-qm-leads-overview,0,3,0%,7.33
https://www.howtoworkleads.com/blog/how-to-work-health-insurance-leads,0,3,0%,9.67
https://www.howtoworkleads.com/blog/how-to-work-refinance-mortgage-leads,0,3,0%,10.67
https://howtoworkleads.com/buying-leads,0,2,0%,1
https://www.howtoworkleads.com/blog/how-to-work-leads-the-simple-4-step-system-for-sales-professionals,0,2,0%,11
https://www.howtoworkleads.com/legal-leads,0,2,0%,31
https://www.howtoworkleads.com/,0,2,0%,60
https://www.howtoworkleads.com/home-services-leads,0,1,0%,5
https://howtoworkleads.com/buying-leads/buy-refinance-mortgage-leads#filters-that-matter-for-refinance-leads,0,1,0%,6
https://howtoworkleads.com/buying-leads/buy-refinance-mortgage-leads#fresh-refinance-leads,0,1,0%,6
https://howtoworkleads.com/buying-leads/buy-refinance-mortgage-leads#refinance-lead-pricing-what-to-expect,0,1,0%,6
https://howtoworkleads.com/buying-leads/buy-refinance-mortgage-leads#when-rates-rise-pivot-to-cash-out,0,1,0%,6
https://www.howtoworkleads.com/lead-management/what-is-lead-management,0,1,0%,6
https://howtoworkleads.com/buying-leads/buy-non-qm-mortgage-leads#why-the-non-qm-market-is-booming,0,1,0%,7